hashtag,count
onthisday,883
news,777
variety,456
nsfw,420
porn,419
closeup,419
pussy,419
vagina,419
ukraine,415
tagesschau,272
nrkno,260
veryclose,203
vulva,203
closerisinside,203
russia,141
global,120
trump,116
donaldtrump,92
japan,84
politics,74
otd,74
us,67
worldnews,64
netflix,59
usa,56
putin,51
business,47
gaza,41
israel,35
casting,34
europe,32
china,31
music,31
cricket,30
awards,30
edinburgh,30
festivals,28
russiaukrainewar,25
reviews,25
edinburghtvfestival,24
comics,24
asia,24
asiapacific,22
vladimirputin,22
politiikka,21
moresports,21
hbo,20
alaska,20
disney,20
trailers,20
epstein,20
wwii,19
thehundred,19
bbc,19
sarajevofilmfestival,18
apple,18
marketsfestivals,17
ai,17
podcast,17
espn,17
zelensky,17
paramount,16
armut,16
microsoft,16
electionline,16
eu,15
diabetestypii,15
columns,15
crimelegal,15
companies,15
india,15
commentary,14
edinburghfilmfestival,14
trailer,14
history,14
tariffs,14
ukraina,14
nato,14
emmys,14
fightfascism,14
obituaries,14
venicefilmfestival,14
warcriminal,14
sports,13
film,13
society,13
fightback,13
VolodymyrZelenskyy,13
hbomax,13
venaja,12
trade,12
fascism,12
hallitus,12
resist,12
environment,12
FotoVorschlag,12
update,11
documentary,11
economy,11
genocide,11
primevideo,11
shigeruishiba,11
traitor,11
thepitt,11
burgergeld,11
tvmarkets,11
tech,11
ki,10
vvd,10
legal,10
appletv,10
norwegianinternationalfilmfestival,10
middleeast,10
executives,10
gamescom2025,10
locarnofilmfestival,10
EpsteinFiles,10
channel4,10
israelhamaswar,10
intel,10
warcriminals,10
features,10
coverup,10
climatechange,9
cbs,9
uk,9
agencies,9
usopen,9
superman,9
defense,9
soccer,9
nationalguard,9
dc,9
jamesgunn,9
usjapanrelations,9
books,9
TerroristState,9
sanficindustria,9
Felon,9
haugesundfilmfestival,9
google,9
protest,9
acquisitions,8
oscars,8
sanfic,8
JDVance,8
obituary,8
canada,8
streaming,8
psv,8
stocks,8
samsung,8
windows11,8
klimakatastrophe,8
kirjat,8
severance,8
JustforVariety,8
gavinnewsom,8
boxoffice,8
palestinians,8
gamescom,8
3goodthings,7
taylorswift,7
poland,7
sky,7
hamas,7
arcgis,7
poetin,7
debat,7
thestudio,7
geospatial,7
washington,7
culture,7
oekraine,7
republicans,7
palestine,7
openstreetmap,7
tennis,7
tvreviews,7
awardsdialogue,7
idf,7
documentariestowatch,7
weapons,7
japaneseeconomy,7
nuclearweapons,7
nfl,7
gnsv,7
homepod,7
gop,7
koln,7
nsc,7
broadway,7
rogule,7
quentintarantino,7
africa,7
b,7
nite,7
hongkong,7
windows,7
trendytoots,7
liverpool,7
pollution,7
saturdaynightlive,6
weather,6
televerse,6
atomicbombings,6
indonesia,6
onceuponatimeinhollywood,6
benstiller,6
adolescence,6
noads,6
solidarity,6
fallout,6
nijmegen,6
kinder,6
pastpuzzle,6
texas,6
food,6
kevincostner,6
netanyahu,6
markets,6
torontofilmfestival,6
webcomics,6
contendershbomax,6
politie,6
nederland,6
kleefeldoncomics,6
hungary,6
RussianWarCrimes,6
pambondi,6
breakingnews,6
map,6
pakistan,6
nvidia,6
meta,6
jamesbond,6
TerenceStamp,6
health,6
thelastofus,6
southkorea,6
standupcomedy,6
alcaraz,5
peacock,5
spikelee,5
seizoen,5
taiwan,5
nobody2,5
mining,5
anchorage,5
airlines,5
abc,5
ajax,5
investments,5
baseball,5
tesla,5
matthewperry,5
diamondleague,5
tiff,5
ldp,5
australia,5
dcstudios,5
manufacturing,5
peoplenews,5
meisje,5
usmilitary,5
harrypotter,5
gesundheit,5
westbank,5
cancellationsandrenewals,5
veryclosefan,5
pantyhose,5
fightthetrumptakeover,5
OnlyMurdersInTheBuilding,5
hulu,5
noahwyle,5
afd,5
comedy,5
venice,5
putinspuppet,5
bobodenkirk,5
defendveteransbenefits,5
sciencehealth,5
frankenstein,5
pyoraily,5
amazonmgmstudios,5
tekoaly,5
openai,5
tijsvandenbrink,5
awardscircuitcolumn,5
betriebssystem,5
veldkamp,5
lisa,5
GhislaineMaxwell,5
rutte,5
starvation,5
vanvroonhoven,5
floods,5
sarahjessicaparker,5
AndJustLikeThat,5
warcrimes,5
famine,5
japanesepolice,5
wwe,4
dood,4
man,4
natalieportman,4
thepenguin,4
az,4
neon,4
jeaninepirro,4
bellaramsey,4
StandWithUkraine,4
fcutrecht,4
life,4
overleden,4
uta,4
vrouw,4
yesilgoz,4
a24,4
aircanada,4
ongeluk,4
sydneysweeney,4
freepalestine,4
ozzyosbourne,4
thailand,4
JA21,4
softbank,4
comcast,4
torontointernationalfilmfestival,4
thediplomat,4
dochter,4
zege,4
pvv,4
mexico,4
verdachte,4
colinfarrell,4
blessure,4
colonialism,4
gameofthrones,4
academyawards,4
cbsnews,4
tomcruise,4
coolie,4
project2025,4
latenighttv,4
thetraitors,4
60minutes,4
atlas,4
lowlands,4
mapping,4
hiroshima,4
lauraloomer,4
diversion,4
milakunis,4
dailyvariety,4
volliefde,4
agriculture,4
jakepaul,4
carmakers,4
zeist,4
generalhospital,4
olympics,4
doj,4
minipc,4
blakelively,4
okinawa,4
ssd,4
gaming,4
bosbranden,4
sustainability,4
energy,4
grundsicherung,4
sharonstone,4
benjaminnetanyahu,4
youtube,4
IchBinArmutsbetroffen,4
tourism,4
gerardjoling,4
wildlife,4
doden,4
peacemaker,4
nintendo,4
premierleague,4
strangerthings,4
basketball,4
un,4
cincinnati,4
kleiko,4
cda,4
afghanistan,4
TheWhiteLotus,4
deutschland,4
northkorea,4
women039sissues,4
jimmykimmel,4
philippines,4
reichtum,4
diabetestyp2,4
tazmusssein,4
liftthesiege,3
nissan,3
orlandobloom,3
cvb,3
marcorubio,3
ayoedebiri,3
jobs,3
ftc,3
southpark,3
applewatch,3
elonmusk,3
sabafoto,3
japanesecourts,3
StopIsrael,3
petedavidson,3
hacks,3
disneychannel,3
KashPatel,3
wint,3
BestInternationalFeatureFilm,3
rickymartin,3
familie,3
kinderen,3
helenmirren,3
ticad,3
mergersandacquisitions,3
katherinelanasa,3
unions,3
ziekenhuis,3
nasa,3
democracy,3
snowwhite,3
JimmyLai,3
fbi,3
wohnen,3
wentupthehill,3
plea,3
belgie,3
americana,3
geuzenbond,3
berlinale,3
stephencolbert,3
spanje,3
galgadot,3
ronperlman,3
scream7,3
ryanmurphy,3
fritzbox,3
hamburg,3
laurenlefranc,3
faschismus,3
chasesuiwonders,3
sansebastianfilmfestival,3
aubreyplaza,3
nobodywantsthis,3
brand,3
xai,3
highest2lowest,3
drake,3
stephenmiller,3
npr,3
diegoluna,3
debateamovieextraneously,3
lego,3
hashtaggames,3
paramountskydance,3
ParamountGlobal,3
guypearce,3
princeandrew,3
sexandthecity,3
globalbulletin,3
scarymovie,3
ReginaHall,3
annafaris,3
wickedforgood,3
savepalestine,3
plushtodon,3
rupaul,3
fctwente,3
EmilyInParis,3
israelgazaconflict,3
ekfinale,3
newsmax,3
tiktok,3
saturn,3
yhdysvallat,3
mediamarkt,3
thelifeofashowgirl,3
spain,3
hitze,3
blackswan,3
f1,3
astronomy,3
queen,3
howtowatch,3
switzerland,3
accessibility,3
crimea,3
syria,3
britain,3
germany,3
belarus,3
gewonden,3
focus,3
nbc,3
piercebrosnan,3
blackbear,3
arsenal,3
actionsnow,3
wilders,3
hockeyster,3
antifa,3
bruiloft,3
kathrynhahn,3
newyork,3
guns,3
rechtszaak,3
socialmedia,3
kneecap,3
MTVVMAs,3
osaka,3
thugs,3
nec,3
danfogelman,3
carlosalcaraz,3
ice,3
acteur,3
narendramodi,3
oasis,3
willferrell,3
immigration,3
cincinnatiopen,3
pedropascal,3
killbill,3
kpopdemonhunters,3
ronhoward,3
southafrica,3
newzealand,3
duivendrecht,3
bryancranston,3
chrismartin,3
balladofasmallplayer,3
edwardberger,3
WorldAthleticsChampionships,3
nikkei,3
rice,3
tse,3
nodeal,3
Moeder,3
msnbc,3
msnow,3
ianmckellen,3
media,3
drphil,3
gdp,3
japanesefilm,3
mariokartworld,3
pgatour,3
peta,3
visser,3
ryoseiakazawa,3
oceans,3
masked,3
rupaulsdragrace,3
tramelltillman,3
waste,3
xijinping,3
Nederlander,3
southkoreajapanrelations,3
smoke,3
IgaSwiatek,3
belowtheline,3
california,3
aangehouden,3
avengersdoomsday,3
alancumming,3
cybersecurity,3
premieredates,3
mandymoore,3
tokyo,3
noahlyles,3
stopisraelnow,3
community,3
bts,3
lichaam,3
basicinstinct,3
heatwaves,3
colinkaepernick,3
emmyawards,3
itv,3
k3,3
cynthiaerivo,3
sony,2
shariredstone,2
sophieturner,2
fcc,2
goffert,2
redcarpet,2
jakegyllenhaal,2
flip,2
kitharington,2
pawelpawlikowski,2
sonypicturestelevision,2
denisvilleneuve,2
davidcorenswet,2
PalestineAction,2
thedink,2
backyard,2
playground,2
versant,2
iowa,2
thedreadful,2
prideandprejudice,2
sophiehermans,2
pressconference,2
stephenasmith,2
jennaortega,2
entertainmenttonight,2
martinscorsese,2
watrfall,2
palmroyale,2
hunterbiden,2
melania,2
hollyshortsfilmfestival,2
maddockfilms,2
katz,2
britbox,2
americanmusicawards,2
streamingwars,2
sanatorium,2
riotwomen,2
theequalizer,2
fergie,2
michaelsloan,2
dominionvotingsystems,2
jeffbaena,2
AnnemarieJacir,2
deborahnorville,2
worldphotographyday,2
nimma,2
impeachtrump,2
sethrogen,2
joshturek,2
lauradern,2
caturday,2
PaoloSorrentino,2
raywinstone,2
death,2
theater,2
drugs,2
Bontenbal,2
familymatters,2
coreymylchreest,2
tangled,2
bettercallsaul,2
hollyshorts,2
academyofmotionpictureartsandsciences,2
ovaloffice,2
coalitionofthewilling,2
america039ssweetheartsdallascowboyscheerleaders,2
nbcuniversal,2
brucespringsteen,2
pesopluma,2
ThelmaSchoonmaker,2
mtvvideomusicawards,2
tegna,2
danatafoyacameron,2
freakierfriday,2
dennislehane,2
JurneeSmollett,2
deptq,2
zoolander,2
glovesoff,2
thebadguys2,2
jussiesmollett,2
splitsville,2
checkpointzoo,2
eastofwall,2
BlackCatAppreciationDay,2
glennclose,2
marvel,2
theglassworker,2
theboys,2
review,2
EndOccupation,2
sanctionisrael,2
tristanrogers,2
contentprojectmarket,2
nordiccouncilfilmprize,2
themoviecritic,2
thelordoftheringsthehuntforgollum,2
ecuador,2
darrenaronofsky,2
andyserkis,2
greenwhichentertainment,2
aaa,2
themarchingband,2
skydancemedia,2
markrober,2
daviddastmalchian,2
athletes,2
appletvplus,2
thedish,2
nokings,2
videogames,2
sixfeetunder,2
rupaul039sdragrace,2
davidfincher,2
adamscott,2
toronto,2
theadventuresofcliffbooth,2
hesterbijl,2
jamesnorton,2
ufc,2
legendary,2
nigeria,2
nicolecollier,2
douwebob,2
locarno,2
TaylorSheridan,2
brytonjames,2
danziskie,2
vrouwen,2
MooieMomenten,2
democrats,2
Doechii,2
oil,2
middenvelder,2
scottbessent,2
wangyi,2
takeshiiwaya,2
earthquakes,2
recycling,2
kooij,2
enschede,2
heinboele,2
brief,2
cambodia,2
houseofcards,2
drones,2
financeministry,2
oita,2
excuses,2
gsdf,2
miskraam,2
juttaleerdam,2
andreavavassori,2
saraerrani,2
LeeJaemyung,2
2025osakaexpo,2
sdf,2
USbases,2
formulaone,2
howardlutnick,2
MAFF,2
louisreeszammit,2
renewitour,2
actrice,2
prince,2
expats,2
misdrijf,2
ourlives,2
liefde,2
fujitsu,2
annanooshin,2
bears,2
icc,2
fabio,2
fraude,2
france,2
rockets,2
space,2
eurovisiesongfestival,2
philippinejapanrelations,2
defenseministry,2
turkey,2
tamaraelbaz,2
gold,2
mozambique,2
wittehuis,2
mlb,2
yoshihikonoda,2
sanseito,2
illya,2
jacksonvillejaguars,2
kansascitychiefs,2
vader,2
pokemon,2
nieuweserie,2
titel,2
punten,2
hockeysters,2
europa,2
sparta,2
gerardcox,2
hittegolf,2
goaheadeagles,2
chabbey,2
rondevanromandie,2
tweedekind,2
afscheid,2
doelpunt,2
optreden,2
specialforcesvips,2
probleemwolf,2
feyenoord,2
supercup,2
grondgebied,2
realhousewife,2
100meterhorden,2
eredivisie,2
tweede,2
kind,2
strijd,2
seankingston,2
einde,2
gtst,2
gordon,2
taliban,2
jansen,2
boot,2
london,2
gabyblaaser,2
wnba,2
indianafever,2
FumioKishida,2
vmas,2
missiles,2
tennisser,2
COVID19,2
verkiezingsprogramma,2
2028losangelesolympics,2
volendam,2
sinner,2
fifa,2
censorship,2
artificialintelligence,2
yokohama,2
renewables,2
klm,2
cdu,2
yvesberendse,2
racisme,2
england,2
TheNorth,2
propaganda,2
slovakia,2
explosie,2
schietpartij,2
originele,2
overleg,2
rol,2
cars,2
steel,2
hack,2
tyollisyys,2
tutkimus,2
talous,2
koulut,2
maga,2
hotels,2
travel,2
koulutus,2
paypay,2
diabetes,2
chinajapanrelations,2
banks,2
saa,2
japanesecuisine,2
fooddrink,2
vieraslajit,2
musiquinta,2
rain,2
demokratie,2
silentsunday,2
emissions,2
trumpweakness,2
putinsvictory,2
alaskacapitulation,2
stopthesellout,2
trumpputinbetrayal,2
ukraineabandoned,2
alaskashame,2
stoptrumpputinpact,2
trumpsellout,2
kierratys,2
helsinginyliopisto,2
uspolice,2
onpoli,2
covenacademy,2
banijayamericas,2
MotionPictureAssociation,2
thenetherlands,2
dutch,2
fvd,2
musk,2
denzelwashington,2
chriscolumbus,2
homealone,2
macaulayculkin,2
michaelpatrickking,2
nba,2
abba,2
mammamia,2
dcu,2
digital,2
bbb,2
sgp,2
cu,2
davidspitz,2
kiruna,2
children,2
geohipster,2
gratuitousfoodpost,2
llm,2
tv,2
thinlizzy,2
michaelphelps,2
ukrainebetrayed,2
traitortrump,2
brazil,2
plastic,2
glenpowell,2
JannikSinner,2
firefighters,2
zon,2
nagasaki,2
kiesdistricten,2
population,2
kishanethompson,2
ukrainejapanrelations,2
stargate,2
tulsigabbard,2
auto,2
adhd,2
denk,2
friesland,2
markhamill,2
verjaardag,2
zedenmisdrijf,2
aviation,2
surveys,2
zuidkorea,2
jeju,2
toeristen,2
worldwarii,2
discrimination,2
rotterdam,2
slachtoffer,2
groningen,2
kingconqueror,2
architecture,2
wildfires,2
handsoffoursocialsecurity,2
terrorism,2
playoffs,2
europaleague,2
shinzoabe,2
homelessness,2
kennedycenter,2
milliebobbybrown,2
jakebongiovi,2
keirstarmer,2
lilnasx,2
gitarist,2
brenthinds,2
mastodon,2
voetbalclubs,2
transferrecord,2
moniquewestenberg,2
corruption,2
Vingegaard,2
vuelta,2
mishandeling,2
abcoude,2
misbruik,2
nederlanders,2
rondevanspanje,2
openhartig,2
contract,2
thomas,2
StukTV,2
bners,2
ontvoering,2
hokkaido,2
facebook,2
amandaknox,2
scream,2
TelevisionAcademy,2
realitytv,2
InsideEdition,2
crewcall,2
crewcallpodcast,2
aminecraftmovie,2
kirstendunst,2
realhousewivesoflondon,2
Hayu,2
kevinwilliamson,2
jamesvanderbeek,2
paulinagarcia,2
foxnews,2
stevemartin,2
peeweeashimself,2
MartinShort,2
comedycentral,2
comedymeansbusinesspodcast,2
thedailyshow,2
kerirussell,2
busaninternationalfilmfestival,2
foxentertainmentstudios,2
proof,2
doncheadle,2
piratesofthecaribbean,2
johnnydepp,2
chainreactions,2
deathbylightning,2
anemone,2
microdrama,2
focusfeatures,2
ronandaylewis,2
hgtv,2
newnordicfilms,2
strictlycomedancing,2
BFILondonFilmFestival,2
masterchef,2
graphicnovels,2
thedayofthejackal,2
mk2films,2
marlonmoreno,2
alfredocastro,2
foxcorp,2
mentalhealth,2
chatgpt,2
chrispratt,2
robertfkennedyjr,2
cristinmilioti,2
supertroopers3,2
awardsfeature,2
eddieredmayne,2
globo,2
mffco,2
MichelFranco,2
canal,2
strictlybusiness,2
janawinograde,2
mubi,2
barunsonea,2
JokoAnwar,2
aliciavikander,2
thedanishgirl,2
cannes,2
philmcgraw,2
ItEndsWithUs,2
JustinBaldoni,2
jeffreywright,2
octaviaspencer,2
johncena,2
amazonprimevideo,2
butterfly,2
alienearth,2
fx,2
ruperteverett,2
rivals,2
hayleyatwell,2
bbcstudios,2
TheGildedAge,2
dongjirescue,2
awardsdoc,2
arishapiro,2
halfman,2
richardgadd,2
Rajinikanth,2
technology,2
TCAAwards,2
mayorofkingstown,2
parishilton,2
iankatz,2
shahrukhkhan,2
thebear,2
cnn,2
dominicwest,2
siennamiller,2
OffBroadway,2
andor,2
bridgerton,2
shondarhimes,2
skydance,2
jackiechan,2
thebeatles,2
fritzos8,2
soziales,2
callofduty,2
5g,2
elektroauto,2
xbox,2
gamepass,2
Bezahlkarte,2
labor,2
fritz,2
router,2
beta,2
spiderman,2
hacker,2
paypal,2
iphone,2
otter,2
toshiba,2
design,2
insider,2
vorschau,2
starwars,2
trondheim,2
galaxy,2
games,2
geforce,2
android,2
arctangent,2
np,2
doctorwho,2
xiaomi,2
capcom,2
copilot,2
windows10,2
ausfalle,2
Phison,2
entwicklung,2
akkulaufzeit,2
preis,2
smartwatch,2
politik,2
microsoft365,2
cloud,2
pixel10,2
preise,2
smartphones,2
libreoffice,2
amazon,2
podcasts,2
lucyliu,2
truthseekersdigitalcontent2025,2
jkrowling,2
themonsterofflorence,2
cannesfilmfestival,2
RichardLinklater,2
DaveFranco,2
TheComeback,2
timbagley,2
3artsentertainment,2
3artssports,2
sheyolaoshebikan,2
dryleaf,2
allcreaturesgreatandsmall,2
caa,2
willemdafoe,2
cbseveningnews,2
arco,2
johnlegend,2
judelaw,2
vanessakirby,2
hybe,2
korea,2
trafalgarreleasing,2
stefanosollima,2
afifest,2
lionsgate,2
lilrelhowery,2
carriecoon,2
jasonisaacs,2
samrockwell,2
theoffice,2
ThePaper,2
awardsbtl,2
max,2
productiondesign,2
theyellowaffair,2
vickykrieps,2
foxone,2
amanontheinside,2
LoveOnTheSpectrum,2
survivor,2
reasonedchoicemedia,2
knowadebarosa,2
JoePantoliano,2
kaitlyndever,2
iheartmedia,2
mariahcarey,2
AngelaRye,2
tvratings,2
danieldaylewis,2
thebiggestloser,2
kevinspacey,2
dufferbrothers,2
davidellison,2
shawnhatosy,2
slavery,2
thetwistedtaleofamandaknox,2
coldplay,2
ronanbennett,2
studiocanal,2
fox,2
demonslayerkimetsunoyaibainfinitycastle,2
ilm50thanniversary,2
warnerbrosdiscovery,2
costumedesign,2
playstation5,2
JacobElordi,2
turtles,1
aichi,1
metals,1
environmentministry,1
internationalenergyagency,1
teamwater,1
nationalinstituteformaterialsscience,1
toilets,1
nankaitrough,1
johanfasting,1
pokemonlegendsza,1
miladschwartzavaz,1
elastichearts,1
uzbekistanjapanrelations,1
kazakhstanjapanrelations,1
saoirseronan,1
rosemead,1
ecommerce,1
egypt,1
minerals,1
therainmaker,1
varietyconfidential,1
glennfrey,1
riverphoenix,1
redsea,1
sergeylavrov,1
amandaseyfried,1
carolaltieri,1
eagles,1
bernieleadon,1
language,1
mrbeast,1
karachi,1
sophierain,1
rareearth,1
luciangrainge,1
kendricklamar,1
fraud,1
HeadsOfState,1
darbyleestack,1
siriusxm,1
agcinternational,1
denisewinkelman,1
markwaters,1
jamieleecurtis,1
freakyfriday,1
laufey,1
biancabhagat,1
awal,1
howardstern,1
development,1
rugbyunion,1
emmastone,1
andrewgarfield,1
thetruthseekerssummit,1
awardscircuitpodcast,1
davidgreenbaum,1
fluminense,1
cdp,1
agcstudios,1
jenniferlopez,1
genz,1
alecbaldwin,1
betafilm,1
brics,1
starz,1
mukeshambani,1
magiccityanamericanfantasty,1
jermainedupri,1
usdollar,1
currencies,1
crytocurrencies,1
cocojones,1
bitcoin,1
stablecoin,1
moreliafilmfestival,1
blockchains,1
useconomy,1
mappeal,1
benditafilmssales,1
nicolecollie,1
ColeSprouse,1
lightson,1
antiarchive,1
openscad,1
diy,1
pszczelarstwo,1
beekeeping,1
airconditioning,1
czasumierac,1
nipple,1
cardgames,1
mcdonald039s,1
onepiece,1
shotsuboi,1
panty,1
fiftyshadesofgrey,1
fujispeedway,1
ryohirakawa,1
haas,1
toyota,1
therunningman,1
dojacat,1
henrywinkler,1
3dprinting,1
2024parisolympics,1
tibet,1
imanekhelif,1
mucken,1
chinesecommunistparty,1
literatur,1
TadashiYanai,1
gender,1
armutsbericht,1
munchen,1
wahl,1
nrw,1
scheuer,1
csu,1
prozesse,1
auschwitz,1
arbeit,1
klingbeil,1
antonioguterres,1
gusvansant,1
caitlinclark,1
spd,1
happydays,1
War2,1
ntramaraojr,1
menstruation,1
unexpectedchristmas,1
murder,1
homicide,1
keelyhodgkinson,1
obliqueseville,1
10storytellerstowatch,1
cordelltinch,1
masairussell,1
theroadbetweenus,1
trackandfield,1
karinevezina,1
italy,1
giorgiameloni,1
holafrida,1
manchuria,1
tessathompson,1
andrekadi,1
dpp,1
becominghuman,1
kobe,1
hyogo,1
benjamincaron,1
wentupahill,1
hrithikroshan,1
AyanMukerji,1
brokebackmountain,1
roblox,1
kantarosuzuki,1
emperorhirohito,1
tonytost,1
Filmland,1
samuelvangrinsven,1
islamicstate,1
casperruud,1
tattoos,1
hinduism,1
chikungunya,1
westnilevirus,1
mosquitoes,1
novakdjokovic,1
nightalwayscomes,1
mariazardoya,1
vladimirtagic,1
callofdutyblackops7,1
DeathStalker,1
semiconductors,1
piperperabo,1
micron,1
tsmc,1
australiajapanrelations,1
avareid,1
atheoryofdreaming,1
astudyindrowning,1
rossgolan,1
somebodysomewhere,1
catsforadoption,1
jeffhiller,1
KonIchikawa,1
marianalevy,1
slash,1
lucianaporchietto,1
hernancaffiero,1
SherylLeeRalph,1
eijifunakoshi,1
newcastleunited,1
scottstorch,1
presumedinnocent,1
alexanderisak,1
mynumber,1
nationalhealthcare,1
digitalization,1
hospitals,1
wordspictures,1
sylvesterstallone,1
austinbutler,1
2026worldcup,1
nike,1
mixeddoubles,1
lithium,1
forcedlabor,1
danieljones,1
indianapoliscolts,1
kagoshima,1
uruguay,1
chiran,1
tulsaking,1
imperialjapanesearmy,1
mexicousrelations,1
lizacolonzayas,1
ips,1
kyotouniversity,1
workation,1
davidzaslav,1
visas,1
dantana039s,1
masaharufukuyama,1
fujitv,1
clementvirgo,1
fujimediaholdings,1
masahironakai,1
chineseeconomy,1
angourierice,1
shanebieber,1
torontobluejays,1
ashleygreene,1
harukakitaguchi,1
javelin,1
ChristopherReeve,1
masayoshison,1
WillReeve,1
foreignworkers,1
ivanamladenovic,1
telework,1
rail,1
birds,1
obon,1
jr,1
shinkansen,1
mma,1
recordingacademy,1
ana,1
jal,1
ursulavonderleyen,1
amandaawards,1
golf,1
IndianSuperLeague,1
fifpro,1
theuglystepsister,1
loveable,1
liljaingolfsdottir,1
stealaway,1
armand,1
thekingdom,1
connorschell,1
hydropower,1
taronegerton,1
rivers,1
economicindicators,1
lalalandkindcafe,1
machineryorders,1
boardgames,1
kazukosugiuchi,1
go,1
rhinos,1
foxcorporation,1
endangered,1
animalwelfare,1
poaching,1
justintime,1
sophiecunningham,1
turkeyjapanrelations,1
cordcutters,1
gennakatani,1
jonathangroff,1
budgets,1
mickeyfriends,1
alexanderpayne,1
themarias,1
josecaballero,1
BillCamp,1
yugoflorida,1
IchiroOzawa,1
mexiko,1
operationsabre,1
newyorkyankees,1
aaronjudge,1
codybellinger,1
giancarlostanton,1
japansumoassociation,1
emmanuelwanyonyi,1
srdanvuletic,1
800m,1
dianemorgan,1
cunkonlife,1
charliebooker,1
sumo,1
overtourism,1
guycampanile,1
riaa,1
meteorologicalagency,1
museums,1
janellejames,1
vaccinations,1
ilyakhrzhanovsky,1
johnwall,1
quintabrunson,1
washingtonwizards,1
losangelesclippers,1
puan,1
whitesnail,1
godwillnothelp,1
yakushima039sillusion,1
tomhardy,1
americancommunity,1
fordfoundation,1
jillianmichaels,1
georgetown,1
ruimatsukawa,1
naomikawase,1
gregrementer,1
palestine36,1
kawasaki,1
abbottelementary,1
SalehBakri,1
piracy,1
jaxa,1
LokeshKanagaraj,1
thehorrorsection,1
tomifumigodai,1
jimmyandstiggs,1
eliroth,1
watermelonpictures,1
delrecords,1
TelefilmCanada,1
bmf,1
austria,1
50cent,1
akita,1
spidermanbrandnewday,1
robbery,1
fukushima,1
pachinko,1
viren,1
dallascowboys,1
brianschottenheimer,1
blasi,1
extreemrechts,1
terreurdaad,1
luchtballon,1
collega,1
antwerpsemoederdag,1
onvoorwaardelijkeliefde,1
jodybernal,1
FamkeLouise,1
austeritat,1
Janssen,1
ek,1
hockey,1
ondercoveragenten,1
vk,1
hilfskrafte,1
hardlopen,1
zuruckweisungen,1
grenze,1
cast,1
proloog,1
thuisverandert,1
jeroenpauw,1
klaske,1
verbraucherpreise,1
reineadelaide,1
bliefde,1
reunie,1
Videoland,1
bevolkingsonderzoek,1
medischonderzoek,1
polen,1
holocaust,1
spandoek,1
revancheren,1
alvarez,1
okologie,1
vanpersie,1
lotomba,1
rechtsback,1
sambo,1
sparzwang,1
kleurigecaravan,1
emotioneel,1
65everjaardag,1
micahparsons,1
kalifornien,1
auditietapes,1
openbaargemaakt,1
reframestampfortelevision,1
ministerie,1
wahlkreise,1
josbrinkprijs,1
laporte,1
genitalverstummelung,1
voedseldroppings,1
petition,1
philips,1
investeren,1
extra,1
manipulation,1
conclave,1
Britse,1
topwedstrijden,1
basmuijs,1
thea,1
veralynn,1
peterstraughan,1
zomersefoto,1
museen,1
Goldband,1
crisisdienst,1
renske,1
wielerploeg,1
bewerbungen,1
soudal,1
quickstep,1
jota,1
filmvertoning,1
betrug,1
barbie,1
parijs,1
weekendje,1
zensur,1
640euro,1
noor,1
avontuur,1
dnaonderzoek,1
Jongen,1
heracles,1
hollandcomiccon,1
haydenchristensen,1
vandaag,1
women,1
leeds,1
negendoden,1
ontploffing,1
russischefabriek,1
iww,1
3jaarcel,1
womens,1
ongeneeslijk,1
ziek,1
halvefinale,1
toernooi,1
asian,1
slotfase,1
afstand,1
JourE,1
projectx,1
suzanne,1
verzoening,1
bewolkt,1
belastingen,1
kaffee,1
south,1
RanaDaggubati,1
peterloo,1
vrouwenprotest,1
titiahoogendoorn,1
spangas,1
zoonludo,1
opa,1
daveroelvink,1
gracevanpatten,1
joling,1
20jaar,1
chemie,1
benzine,1
goedkoper,1
zverev,1
halvefinalist,1
bioscoopsucces,1
massacre,1
bezoekers,1
imdbpro,1
robertjan,1
pereira,1
gama,1
ontspoort,1
huwelijksaanzoek,1
zwaar,1
verrassing,1
britsepub,1
zegespanje,1
clasie,1
Selectie,1
baansprinter,1
sprache,1
richardson,1
wereldrecord,1
goud,1
kogelstootster,1
christiaanbauer,1
79everjaardag,1
nieuwseizoen,1
onlyjoling,1
mikroplastik,1
kopenhagen,1
trein,1
leoni,1
rayovallecano,1
hackney,1
irriteerde,1
AlNassr,1
coman,1
aanvaller,1
cactuspears,1
blind,1
girona,1
platenbaas,1
verdediger,1
journalismus,1
trainertenhag,1
bekert,1
verkehr,1
bayerleverkusen,1
familieblom,1
overstroming,1
badkamer,1
kindermishandeling,1
monicageuze,1
bioscoopabonnement,1
alcohol,1
obdachlosigkeit,1
kkr,1
SevenEleven,1
seveniholdings,1
aeon,1
Trabert,1
solar,1
wind,1
AdilHussain,1
hilfe,1
katzen,1
kdu,1
merz,1
elisabethmoss,1
gerechtigkeit,1
coconutoil,1
wfp,1
privateinvestoren,1
kapital,1
berlin,1
jreast,1
selenskyj,1
burschenschaft,1
stellungnahme,1
sozialhilfe,1
diabetestp2,1
Hohm,1
alttexten,1
alttexte,1
nsu,1
saytheirnames,1
keinschlussstrich,1
jugend,1
carriebradshaw,1
justlikethat,1
sozialsystem,1
bolivien,1
sparen,1
sozialismus,1
indigene,1
secretofamountainserpent,1
markomannia,1
staat,1
stromnetze,1
chatbots,1
advertising,1
ticks,1
insects,1
rambo,1
whoopingcough,1
gablestevenson,1
jeffreygreenstein,1
leseempfehlung,1
mixedmartialarts,1
mulheim,1
noafd,1
widerstand,1
japancoastguard,1
honda,1
praxisgebuhr,1
startups,1
medizin,1
mieten,1
chipmakers,1
wohnungslos,1
maschaschilinski,1
plarium,1
raidshadowlegends,1
video,1
energie,1
internet,1
journalisten,1
pattismith,1
wahlhelfende,1
wahlen,1
caishangjun,1
fc2,1
Wadephul,1
burgerking,1
außenministerium,1
teenagemutantninjaturtles,1
LA28,1
handmaid039stale,1
fiba,1
Ortskrafte,1
otfagbenle,1
fastfood,1
seufz,1
medienkritik,1
ex,1
standpunten,1
ZuidHolland,1
officieel,1
graden,1
affaires,1
olympischeglorie,1
diederik,1
paddingtonthemusical,1
boomsma,1
werk,1
bruiloften,1
arrestaties,1
protesten,1
strandschoonmaakactie,1
sigarettenpeuken,1
tienduizenden,1
halvefinales,1
deutschebahn,1
ontslagen,1
dramatischesituatie,1
uitjes,1
vntop,1
istdassatire,1
plasticvervuiling,1
rechter,1
surannejones,1
mtvzangeres,1
freespeechaid,1
meinungsfreiheit,1
epigenetik,1
paddington,1
neurowissenschaft,1
diddy,1
online,1
emoji,1
oslo,1
feminismus,1
ubergewicht,1
kinderengeenbezwaar,1
juliedelpy,1
herdenken,1
elzevier,1
eervolleavond,1
davebautista,1
hostage,1
roadhouse,1
treedt,1
vertigoreleasing,1
sozialabbau,1
azerbaijan,1
hatespeech,1
rente,1
jugendliche,1
disinformation,1
emmathompson,1
taco,1
moldova,1
bildung,1
rechtsradikalismus,1
deadofwinter,1
amthor,1
jedeanschuldigungisteingestandnis,1
milram,1
alttext,1
alttext4you,1
Zelenskyj,1
hetze,1
teichtum,1
millionare,1
melissabarrera,1
diskriminierung,1
solidaritat,1
jackwhite,1
janhvikapoor,1
netherlands,1
ChristopherLandon,1
aufdieohren,1
ayushmannkhurrana,1
TheExile,1
kampagne,1
horempfehlung,1
lithuania,1
jobcenter,1
surveillance,1
hucch,1
vermogenssteuer,1
buffalo8,1
georgia,1
nielsentop10,1
100m,1
alexandrekoberidze,1
santabarbarafilmfestival,1
ethniccleansing,1
jessecollinsentertainment,1
meeting,1
vincegilligan,1
danaperino,1
newsom,1
MichelleWu,1
boston,1
macron,1
karolineleavitt,1
writersguildofamericaeast,1
dni,1
pressyourluck,1
fascisme,1
elizabethbanks,1
theknife,1
nnamdiasomugha,1
sportscenter,1
natemoore,1
sethdudowsky,1
lassehallstrom,1
filminglocations,1
madelyncline,1
rfkuang,1
sanctionsnow,1
fatmahassanalremaihi,1
dohafilmfestival,1
annexation,1
settlercolonialism,1
dickclarkproductions,1
cloudchamber,1
bioshock,1
nutcase,1
vile,1
nflredzone,1
nfltoday,1
2k,1
susanrovner,1
microco,1
lloydbraun,1
republic,1
themapthatleadstoyou,1
campagne,1
bestofthebest,1
xsolla,1
campagnestrategie,1
opdebeeck,1
effyhan,1
vpro,1
npo,1
journalistiek,1
decline,1
throwbackthursday,1
emmyextraedition,1
trinitybroadcastingnetwork,1
gangster,1
photoop,1
nelsoncarlodelossantosarias,1
nrc,1
ellbowsup,1
PeteHoekstra,1
matiasbize,1
cocote,1
cinemachile,1
kristenwiig,1
zomergasten,1
fucktatasteel,1
artists,1
bookorplaycharactersdreams,1
billburr,1
boos,1
timhofman,1
anatomyofajoke,1
spinmaster,1
dakotajohnson,1
billycorben,1
universiteitleiden,1
jeffprobst,1
entertainers,1
marqueshouston,1
leave,1
footagefilms,1
theehrlichbrothers,1
warcrimial,1
chrisehrlich,1
andreasehrlich,1
aidforgazanow,1
miramax,1
katabasis,1
tribeca,1
asiancontentsfilmmarket,1
dominicmclaughlin,1
hamilton,1
estonianfilminstitute,1
tareafina,1
europelatinamericacoproductionforum,1
strandreleasing,1
hafsiaherzi,1
tanyasimon,1
dragganmihailovich,1
nexstarmediagroup,1
walibi,1
angelinajolie,1
vanderburg,1
ZhuYilong,1
nini,1
jaykelly,1
djjopie,1
doge,1
sandrahuller,1
alexgibney,1
tribecafilm,1
fuckisrael,1
rezarahadian,1
mortician,1
wif,1
marijuana,1
vietnam,1
smuggling,1
venezuela,1
wavesbazaar,1
bezalelsmotrich,1
abdolrezakahani,1
eastjerusalem,1
guneetmongakapoor,1
filmfestivals,1
shortfilms,1
asiancinema,1
levelk,1
BreakingGlassPictures,1
majorleaguebaseball,1
ifta,1
limerickfilmlab,1
ourfilms,1
aegon,1
univision,1
premiosjuventud,1
USMarshals,1
secretservicesnipers,1
amtrakpolice,1
CapitolPolice,1
kathybates,1
sesamestreet,1
gallant,1
materialists,1
kevinfrazier,1
georgeprajin,1
EliseStefanik,1
chiquisrivera,1
angelakang,1
variety120screenings,1
thewizardofoz,1
leonardmaltin,1
julieberghoff,1
standwithkneecap,1
clairekaufman,1
nirvana,1
mpd,1
dea,1
kristinoem,1
banda,1
nutmeg,1
rawagede,1
jeffrypondaag,1
dwaynejohnson,1
voc,1
dannyocean,1
badbunny,1
mediawan,1
freedc,1
aboozaramini,1
petehegseth,1
jigsawproductions,1
anime,1
unionstation,1
col,1
theamiawards,1
violetfilms,1
justintheroux,1
MailinVoting,1
conano039brien,1
stoptrump,1
juliasebutinde,1
icj,1
bikenite,1
Kladderadatsch,1
bellaciao,1
JusticeforPalestine,1
kungfusat,1
ceasefirenow,1
territorialintegrity,1
solodarity,1
handmedownasongorpoem,1
ryanspoon,1
counteract,1
ausefulghost,1
stopthesiege,1
toddblanche,1
salmankhan,1
AryanKhan,1
archiecomics,1
nokingsday,1
yahoo,1
fleabag,1
yahoosports,1
bjornhlynurharaldsson,1
SooniTaraporevala,1
salaambombay,1
popsstaples,1
staplesingers,1
jazz,1
Omtzigt,1
sandwich,1
subwaysandwich,1
seandunn,1
cotswolds,1
MiraNair,1
noelgallagher,1
lockhimup,1
raizadofestival,1
oscarisaac,1
liamgallagher,1
mobster,1
teyanataylor,1
da,1
iqiyi,1
magnify,1
charlixcx,1
kyliesnow,1
Photomonday,1
monochromemonday,1
Fotomontag,1
openaccess,1
manpower,1
randstad,1
themorningshow,1
junkdrawerasongorpoem,1
vacature,1
monsterdon,1
色文字判別ゲーム,1
imeldastaunton,1
showcase25,1
makko,1
priyankachoprajonas,1
petsbucketlistorwishes,1
listeningclub,1
froscon,1
sweetandsourpoetry,1
OpeningNightLive,1
tunetuesday,1
amazonstudios,1
catsofmastodon,1
michaelwolff,1
carlyraejepsen,1
lawsuit,1
rabisquarta,1
lhp3,1
hochwasser,1
musicwomenwednesday,1
おかき3色縛り週間,1
songsfromthefuture,1
上手い下手関係なく今までで1番頑張って描いた絵,1
meermittwoch,1
announcementsongsorlimericks,1
verve,1
thicktrunktuesday,1
cats,1
tercinema,1
texturetuesday,1
amplifypictures,1
harveyguillen,1
elections,1
ru,1
residentevilrequiem,1
OuterWorlds2,1
legobatman,1
soit,1
MichaelFranti,1
jeffman,1
werder,1
activistartistmanagement,1
missionimpossiblethefinalreckoning,1
papermarriage,1
missionimpossible,1
raphaelbobwaksberg,1
homelssness,1
sweeping,1
longstoryshort,1
totp,1
livbou,1
chrismcgurk,1
family,1
uu,1
BenWheatley,1
occupation,1
みんなの正面顔が見たい,1
rotterdamfilmfestival,1
berlinfilmfestival,1
doorsday,1
warcrime,1
thursdayfivelist,1
camillezapata,1
musicofthemountains,1
ceasefireforgazanow,1
wednesday,1
viewconference,1
catinthehat,1
adammckay,1
blackmythzhongkui,1
BlackMythWukong,1
samriley,1
bulk,1
peliverso,1
なんの脈絡もなく美味しそうな画像を投稿してフォロワーを怖がらせましょう,1
leiden,1
criminals,1
Horizon2,1
trainingsongeval,1
jukeboxfridaynight,1
wontbackdown,1
glassriver,1
taser,1
queenyrajkowski,1
journalism,1
journalistsunderfire,1
directv,1
windowfriday,1
anasalsharif,1
baltasarkormakur,1
warriminal,1
baldvinz,1
babyreindeer,1
joelewis,1
academyaward,1
invasivespecies,1
bestdocumentary,1
vendredilecture,1
nootherland,1
olafurdarriolafsson,1
protesting,1
keepjdout,1
globalconstellation,1
devynlabella,1
healingappalachia,1
deportations,1
tombrady,1
lasvegas,1
unidentified,1
norway,1
illegal,1
battleofoslo,1
playersweekend,1
fensterfreitag,1
fascist,1
tomhoman,1
mood,1
Gummbah,1
raids,1
terrorists,1
vacationvance,1
giuseppetornatore,1
cjenm,1
visuallyimpaired,1
tokyometropolitangovernment,1
appledaily,1
cincinnatibengals,1
treyhendrickson,1
bradpitt,1
akieiwai,1
chisatoiwai,1
lpga,1
portlandclassic,1
taxes,1
benjaminree,1
grammys,1
dogwoof,1
scottiescheffler,1
Satyadev,1
bmwchampionship,1
FedExCup,1
raobahadur,1
theamericanfrenchfilmfestival,1
gasoline,1
mydaughterisazombie,1
kaliuchis,1
tatsuyaimai,1
mitsubishielectric,1
wine,1
champaign,1
ps5,1
raakh,1
fireflyaerospace,1
Mirzapur,1
germanyjapanrelations,1
johannwadephul,1
qantas,1
schools,1
alifazal,1
filmland2025,1
guillermodeltoro,1
education,1
thesecretlivesofmormonwives,1
playstation,1
nagoya,1
students,1
prettycrazy,1
ritsudoan,1
eintrachtfrankfurt,1
GermanCup,1
manchesterunited,1
sofiacoppola,1
janecampion,1
yokosuka,1
TedHui,1
issues,1
alfonsocuaron,1
rioestudios,1
homeless,1
volunteers,1
juliorojas,1
brennanleemulligan,1
g20,1
globalsouth,1
globaleconomy,1
2025upperhouseelection,1
isabelallende,1
danielaramirez,1
SanaeTakaichi,1
rintarosasaki,1
lordoftherings,1
criticalrole,1
sarahsilverman,1
cabinetoffice,1
MikelArteta,1
chelsea,1
MaheshBabu,1
sakarisstora,1
philippinesjapanrelations,1
manila,1
disasterpreparedness,1
localgovernment,1
depopulation,1
cercamon,1
rurallife,1
runarrunarsson,1
cities,1
decentralization,1
batteries,1
dagjohanhaugerud,1
milkteeth,1
mihaimincan,1
sawamuraaward,1
storytellerstowatch,1
disability,1
izuminakamitsu,1
hallmark,1
dawsonscreek,1
ingloriousbastards,1
oscarpiastri,1
AustralianGrandPrix,1
fathomentertainment,1
iwaohakamata,1
shizuoka,1
tommymottola,1
falseconvictions,1
lukadoncic,1
losangeleslakers,1
eurobasket,1
endemolshineboomdog,1
afabricamexicoushispanic,1
madly,1
jasminepaolini,1
ingloriousbasterds,1
nagano,1
littleleagueworldseries,1
kabuki,1
shokimurakami,1
kokuho,1
elliottuttle,1
happygilmore2,1
sprinting,1
coys,1
bluefilm,1
therighteousgemstones,1
slingtv,1
LeedsUnited,1
everton,1
davidmoyes,1
danielfarke,1
coal,1
pocarisweat,1
aquarius,1
exercise,1
softdrinks,1
platonic,1
lukemacfarlane,1
entertainmentnews,1
inglouriousbasterds,1
grow,1
union,1
gervontadavis,1
VishalFuria,1
cameras,1
fujifilm,1
costao,1
canon,1
brianrolapp,1
ricoh,1
singapore,1
jica,1
tanzania,1
bombayfables,1
ghana,1
africajapanrelations,1
nobody,1
livanmoinelo,1
patricksomerville,1
hiromiito,1
hirotosaiki,1
deadtorights,1
espionage,1
blackstone,1
amazoncom,1
christy,1
TonyChung,1
refugees,1
onsen,1
womenwearingshoulderpads,1
haugesund,1
romania,1
helenwalsh,1
kimjongun,1
portugal,1
MetaPlatforms,1
onthesea,1
lastofus,1
foxconn,1
jetro,1
fishing,1
caterpillar,1
siemens,1
alphabet,1
stanford,1
Zee5,1
tehran,1
criterion,1
finedining,1
jakejohnson,1
appleoriginalfilms,1
jihlavadocumentaryfilmfestival,1
BillboardHot100,1
frenchcuisine,1
2025worldathleticschampionships,1
ArmandDuplantis,1
polevault,1
nyse,1
nasdaq,1
ipo,1
billboard200,1
usaswimming,1
ryanlochte,1
baltimoreravens,1
bristol,1
EmperorNaruhito,1
duneprophecy,1
locationmanagersguildinternational,1
iltjones,1
JohnAbraham,1
paris,1
orsomething,1
SetoInlandSea,1
events,1
wingman,1
bigbearfilmfestival,1
naoshima,1
scottglenn,1
politicalfunds,1
dallascowboyscheerleaders,1
KoichiHagiuda,1
goldmansachs,1
tradewar,1
thebreakfastclub,1
houseparty,1
foreignministry,1
citizenship,1
stateless,1
chefs,1
eyeswideshut,1
empressmasako,1
tomwaits,1
yoshihidesuga,1
shigetoshikotari,1
shiretoko,1
bentobox,1
mountrausu,1
BrunelloCucinelli,1
squidgame,1
worldheritage,1
SlowHorses,1
musicindustrymoves,1
bigloudrecords,1
bigloud,1
brokerages,1
legomastersjr,1
truthseekerssummit2025,1
carlrinsch,1
dreameater,1
hacking,1
internationalolympiccommittee,1
tinianisland,1
hakuhodoinc,1
michellehuynh,1
hunger,1
jasveensangha,1
japanukties,1
hiromasaurakawa,1
maryneely,1
japanboxingcommission,1
braininjuries,1
shunjiasamoto,1
YasukuniShrine,1
shinjirokoizumi,1
editorials,1
HMSPrinceOfWales,1
aid,1
robertwilson,1
operationhighmast,1
palau,1
rfkjr,1
gambling,1
animals,1
kareemrahma,1
myanmar,1
nakamurakeithharingcollection,1
metteamarchitects,1
AtsushiKitagawara,1
indopacific,1
lindseystirling,1
PercyJacksonAndTheOlympians,1
dafnekeen,1
futurama,1
maurymcintyre,1
hurricanes,1
caribbean,1
storms,1
wme,1
allblacks,1
paleycenterformedia,1
argentina,1
rugbychampionship,1
pumas,1
maluma,1
faithkipyegon,1
manchestercity,1
pepguardiola,1
japanaustraliarelations,1
hurricaneerin,1
loveislandusaseason7reunion,1
snl50theanniversaryspecial,1
anabrun,1
sengenshitsu,1
thomasdoherty,1
teaceremony,1
evapilgrim,1
urasenke,1
onehundredyearsofsolitude,1
elcapo,1
theheiresses,1
rachelmaddow,1
tabitohibi,1
littleshopofhorrors,1
slylivesboosterpackage,1
vikrammalhotra,1
hanuman,1
abundantia,1
questlove,1
kevinwillmott,1
davidgyasi,1
southeastasia,1
strikes,1
exhibitions,1
allthepresident039smen,1
plastics,1
taisho,1
communism,1
takashihara,1
JunichiroTanizaki,1
moderngirls,1
seito,1
raichohiratsuka,1
morganwallen,1
sakaeosugi,1
noeito,1
sadakosawamura,1
Apollonia,1
oscilloscope,1
ryokan,1
unesco,1
bernhardwenger,1
daytimeemmys,1
art,1
pla,1
USChinaRelations,1
line,1
goldenglobes,1
recipes,1
snacks,1
TeoYoo,1
desserts,1
stevejobs,1
jharreljerome,1
netzerobankingalliance,1
nacalacorridor,1
mohamedsalah,1
delivermefromnowhere,1
antoinesemenyo,1
DiogoJota,1
PierrePoilievre,1
worldathletics,1
arynasabalenka,1
JeremyAllenWhite,1
ElenaRybakina,1
nationalacademyoftelevisionartssciences,1
RussiaIsATerroristState,1
warmstedag,1
wielrenster,1
lowndescounty,1
dannyboyle,1
ink,1
jacko039connell,1
rupertmurdoch,1
colgroup,1
reelshort,1
kirkdouglasawardforexcellenceinfilm,1
santabarbarainternationalfilmfestival,1
carolynmichellesmith,1
jadakeche,1
kevinjeromeeverson,1
lioneljohnsonjr,1
20thtelevision,1
golovego,1
homeimprovement,1
PatriciaRichardson,1
shiftinggears,1
timallen,1
firsttake,1
fredweasley,1
georgeweasley,1
weasleychildren,1
busted,1
ElsieFisher,1
julieannemery,1
mariabissell,1
trknight,1
ryanpowers,1
elizabethperkins,1
deluxeoceanview,1
mayimbialik,1
nellteare,1
celebrityweakestlink,1
janelynch,1
thesummerofsongbirds,1
harrymelling,1
allinmontecarlo,1
annaklassen,1
annashilling,1
leoninestudios,1
harrypottertvseries,1
production,1
tvnews,1
independentartistgroup,1
tylerhoechlin,1
marlonwayons,1
mbc,1
midnighthorrorstory,1
smartdogmedia,1
uglybabyproductions,1
AaronKaplan,1
KenyaBarris,1
MikeEpps,1
bradleybredeweg,1
brandonflynn,1
melrodriguez,1
tysimpkins,1
curtisjobling,1
nielsen,1
thegauge,1
garyoldman,1
localtv,1
nexstar,1
hartswoodfilms,1
number10,1
stevenmoffat,1
ciisa,1
lisanandy,1
cineflixrights,1
topendbub,1
dannydyer,1
emilyatack,1
liftedentertainment,1
nobody039sfool,1
nobody039shero,1
anacristinabarragan,1
benditafilmsales,1
theivy,1
nileentertainment,1
remixnneoma,1
thevoiceofhindrajab,1
tunisia,1
MichaelCHall,1
Quezon,1
rokuchannel,1
TheThursdayMurderClub,1
wolfking,1
sansebastian,1
premieredate,1
edinburghtvfest,1
goodomens,1
michaelsheen,1
PeterMorgan,1
cassandrahunter,1
IssaRae,1
jeremiecander,1
cristelaalonzo,1
cristelaalonzoupperclassy,1
ameliabullmore,1
dramarepublic,1
joannascanlan,1
lorraineashbourne,1
sallywainwright,1
tamsingreig,1
falachen,1
tildaswinton,1
TheGorge,1
alisonduke,1
bambamthesisternancystory,1
trinidadtobagofilmfestival,1
sipur,1
wewilldanceagain,1
yarivmozer,1
johngriffin,1
CheyenneJackson,1
notesontheseason,1
wagnermoura,1
howardoverman,1
udave,1
uktv,1
ku039damm77,1
annettehess,1
agon,1
thematchfactory,1
venicecritics039week,1
benzand,1
human,1
zandland,1
thesecretagent,1
bonnieblue,1
willprice,1
gazadoctorsunderattack,1
meritstreetmedia,1
oprah,1
trinitybroadcasting,1
bryanfreedman,1
livelybaldoni,1
ryanreynolds,1
joannacalo,1
swansong,1
theperfectcouple,1
chinonyechukwu,1
deathofasalesman,1
hitpoint,1
techline,1
rialto,1
deadhowling,1
notreadyforprimetime,1
alfredstreetindustries,1
fulwellentertainment,1
lebronjames,1
nextgenchef,1
oliviaculpo,1
ultraboommedia,1
asteroid,1
dkmetcalf,1
dougliman,1
FreidaPinto,1
haileesteinfeld,1
rhenzyfeliz,1
kateward,1
naturalhistory,1
bundesliga,1
markgoldbridge,1
theoverlap,1
twoneighbors,1
laurasamani,1
louisacompton,1
ebu,1
eurovisionsongconteset,1
vienna,1
BBCThree,1
alandershowitz,1
elondershowitz,1
fallen,1
thelastphotograph,1
iknowwhatyoudidlastsummer,1
thehuntingwives,1
thesummeriturnedpretty,1
wewereliars,1
horizonanamericansaga,1
martysinger,1
yellowstone,1
armyofshadows,1
twocitiestelevision,1
algore,1
andywarhol,1
boygeorge,1
katewinslet,1
muhammadali,1
rza,1
crunchyroll,1
fandango,1
joshholloway,1
mpioriginalfilms,1
onesecondafter,1
angusimrie,1
artificial,1
NicholasHamilton,1
thaddeagraham,1
willangus,1
zacksnyder,1
stuartmartin,1
reversaloffortune,1
RebelMoon,1
danieldaekim,1
davidleitch,1
jasonmomoa,1
pirate,1
doctalk,1
doctalkpodcast,1
simonebilesrising,1
ratings,1
noahhawley,1
salmahayek,1
banquet,1
meghannfahy,1
sirens,1
thegooddaughter,1
youdeserveeachother,1
davidsteinberg,1
kellyclarkson,1
rebamcentire,1
TheKellyClarksonShow,1
thevoice,1
AgathaAllAlong,1
danielselon,1
smithsonian,1
juliocesarchavezjr,1
marksonnenblick,1
touring,1
joebiden,1
livenation,1
johnoliver,1
philharris,1
thailandcreativeeconomyagency,1
firstlookphotos,1
houseofguinness,1
CBSStudios,1
kingandconqueror,1
all3media,1
all3mediainternational,1
andrewtate,1
danawhite,1
rape,1
snl,1
lastweektonight,1
taylorswifterastour,1
lastweektonightwithjohnoliver,1
washingtondc,1
ampas,1
jaleelwhite,1
warnerbros,1
mcu,1
xmen,1
x2xmenunited,1
cinespia,1
lagrazia,1
escapeatdannemora,1
jessicaleegagne,1
munroebergdorf,1
fremantle,1
divingbell,1
boldprintstudios,1
ppfim,1
prosiebensat1media,1
tiffanypaulsen,1
winterspringsummerorfall,1
bradsmith,1
cnnheadlines,1
emmys2025,1
jennadewan,1
nathanfillion,1
sonjawajih,1
therookie,1
bustarhymes,1
camdeninternationalfilmfestival,1
ciff,1
elisemccave,1
pointsnorthinstitute,1
SeanFlynn,1
nbcnews,1
adamschiff,1
brendancarr,1
paramountskydancemerger,1
allisonjanney,1
deboracahn,1
elijahwood,1
thelordoftherings,1
internationalboxoffice,1
jurassicworldrebirth,1
thefantasticfourfirststeps,1
dacremontgomery,1
mtv,1
onyanurve,1
desperatehousewives,1
JesseMetcalfe,1
billlawrence,1
brettgoldstein,1
JasonSegel,1
jessicawilliams,1
thewire,1
WendellPierce,1
cianoclery,1
bulgaria,1
tarika,1
billmaher,1
realtimewithbillmaher,1
dexterresurrection,1
showtime,1
deadpoolwolverine,1
amymadigan,1
newline,1
zachcregger,1
therivalsofamziahking,1
federaltradecommission,1
mediamatters,1
melissasueanderson,1
jewelssparkles,1
snl50beyondsaturdaynight,1
itsneveroverjeffbuckley,1
MorganNeville,1
shingodzilla,1
specialtyboxoffice,1
witchboard,1
virtualstagelab,1
theadventuresofpriscillaqueenofthedesert,1
bronstudios,1
paulsng,1
conanobrien,1
thelateshowwithstephencolbert,1
amc,1
kevinmacdonald,1
jackthorne,1
owencooper,1
philipbarantini,1
StephenGraham,1
dantana,1
bupkis,1
buffythevampireslayer,1
CharismaCarpenter,1
israelgazawar,1
RachelZegler,1
reedbirney,1
heidifleiss,1
theheidifleissstory,1
christopherwalken,1
MFE,1
charlesbarsamian,1
jessicachastain,1
gianmarcosoresi,1
specialforcesworld039stoughesttest,1
teresagiudice,1
emiliajones,1
fairyland,1
scootmcnairy,1
kylemarvin,1
michaelangelocovino,1
BentoBoxEntertainment,1
friends,1
renewals,1
voughtrising,1
hannaheinbinder,1
jenstatsky,1
luciaaniello,1
paulwdowns,1
californiafilmtelevisiontaxcreditprogram,1
californiafilmcommission,1
taxcredit,1
allthingscomedy,1
chancenichols,1
comedymeansbusiness,1
jordanjensen,1
jordanjensentakemewithyou,1
dewayneperkins,1
sethRogan,1
gianmarcosoresithiefofjoy,1
stevericho,1
thebachelor,1
ryanhandelsman,1
benleonberg,1
goodboy,1
ifcfilms,1
shudder,1
keeper,1
osgoodperkins,1
rossifsutherland,1
tatianamaslany,1
ethancoen,1
honeydont,1
joelcoen,1
triciacooke,1
matthewgoode,1
amylandecker,1
anthonyanderson,1
kelligarner,1
richsommer,1
maxburgoynemoore,1
salvatorescarpa,1
dannyfrenkel,1
ericseufert,1
instagram,1
mattrife,1
paulelia,1
punchuplive,1
jasonehrlich,1
thegoldenbachelor,1
dreams,1
HannibalBuress,1
matteolane,1
newyorkcomedyfestival,1
adampally,1
chrisredd,1
davidcastaneda,1
KalPenn,1
stevepink,1
whatthefckismypassword,1
CatherineOhara,1
evangoldberg,1
sarahpolley,1
zoekravitz,1
josephculp,1
maengai,1
neurosphereentertainment,1
robynmundell,1
theluckyones,1
maud,1
barstoolsports,1
lesmascots,1
outoforder,1
thisisus,1
theirisaffair,1
expectation,1
ozzyosbournecominghome,1
johngoblikon,1
ericarhodes,1
warnerbrostelevision,1
chrisgethard,1
volodmyrzelensky,1
genv,1
chrispeterson,1
creatoreconomy,1
podcasting,1
redseatventures,1
tubimediagroup,1
jakejohnsonbenstiller,1
joshgreenbaum,1
extraction,1
nataliedormer,1
skynews,1
honeymoonwithharry,1
Adia,1
gersh,1
yourmotheryourmotheryourmother,1
3000pictures,1
jeremiahzagar,1
nothingtoseehere,1
henryalexanderkelly,1
M88,1
cinematography,1
composer,1
editing,1
jasmineblackborow,1
kartoonstudios,1
kartoonchannel,1
bitcoinbrigade,1
nisar,1
ea,1
battlefield,1
royalnavy,1
u,1
ferngesteuert,1
militartechnik,1
festplatten,1
falschung,1
seagate,1
hdds,1
westerndigital,1
s26pro,1
charismatic,1
natasharothwell,1
smarthome,1
siri,1
liquidglass,1
iphone17promax,1
smartphone,1
kamera,1
finanzamt,1
steuererklarung,1
sensoren,1
meinmagenta,1
telekom,1
darkmode,1
phishing,1
drohnen,1
elektrofahrzeuge,1
elektromotor,1
TTArtisan,1
raspberrypi,1
zugangsdaten,1
sprachentwicklung,1
weltall,1
wissenschaft,1
yubinarchive,1
atommull,1
fusion,1
Punctum,1
galaxybuds,1
megasim,1
proton,1
server,1
schweiz,1
lumo,1
galaxytab10lite,1
iphone18,1
automotive,1
patchday,1
ausfallen,1
sci,1
neoberlin2087,1
bargeld,1
f15d,1
25h2,1
powertoys,1
dashboard,1
e6,1
rapport,1
stortinget,1
rss,1
w3c,1
feedvalidator,1
allheimen,1
sluppen,1
chromium,1
jpegxl,1
tyholttarnet,1
tyholt,1
urlaub,1
streetart,1
cooperhoffman,1
philipseymourhoffman,1
thelongwalk,1
MarcPlatt,1
thesurvivallist,1
tommelia,1
exodusentertainmentstudios,1
kevinkinsey,1
lamatadora,1
lylehowry,1
rudyyoungblood,1
skinflyentertainment,1
samferdselsminister,1
nyeveier,1
befehlspalette,1
malware,1
amd,1
prozessoren,1
24h2,1
disneyplus,1
frimware,1
niederlande,1
plastikverschmutzung,1
umwelt,1
pc,1
gehause,1
teenageengineering,1
hardware,1
volkswagen,1
moomoocow,1
cow,1
mariokart,1
strompreise,1
verteidigung,1
Biwin,1
whatsapp,1
teams,1
valve,1
steam,1
diablo4,1
circana,1
outlook,1
iphone17e,1
allianz,1
onenote,1
ing,1
wero,1
spaceforce,1
falschinformationen,1
startrek,1
startrekvoyager,1
vodafone,1
marine,1
russland,1
kick,1
botnetze,1
pixelwatch4,1
cloudgaming,1
gemini,1
pixelbuds2a,1
kopfhorer,1
tensorg5,1
LordsOfTheFallen2,1
rpg,1
tablet,1
fire,1
vampire,1
bloodlines2,1
raumfahrt,1
RTX40,1
comet,1
support,1
smoothmotion,1
probleme,1
30pflanzenprowoche,1
fify,1
HRA,1
wonenisgeenmarkt,1
onderderadar,1
noeffort,1
earlymorningsongsorpoems,1
1about,1
acrobatstudio,1
onimusha,1
grok,1
galaxytabs11,1
mediatek,1
anno117,1
ubisoft,1
dockingstation,1
gigafactory,1
grunheide,1
batteriezellen,1
evakuierung,1
Produktionsstopp,1
cisco,1
dazn,1
eldenring,1
switch2,1
grafikkarte,1
fps,1
rockstar,1
upgrade,1
dragonage,1
gearsofwar,1
projectmotorracing,1
firmware,1
msi,1
wlan,1
atomkraftwerk,1
oakridge,1
rechenzentren,1
atomkraft,1
ios26,1
innovation,1
rtx5090,1
startmenu,1
adblocker,1
mozilla,1
geforcenow,1
rtx5080,1
ninjagaiden4,1
teamninja,1
minix,1
robotaxi,1
flamingo,1
waipu,1
gta6,1
touchid,1
blinkerhebel,1
redmond,1
model3,1
lasik,1
s26ultra,1
display,1
bildschirm,1
sichtschutz,1
silenthill,1
silenthillf,1
GEEKOM,1
gametwo,1
patch,1
Wiederherstellung,1
notfall,1
updates,1
blackops7,1
residentevil,1
vpn,1
freenet,1
galaxytabs11ultra,1
mit,1
photovoltaik,1
deepseek,1
amazonprime,1
elektroautos,1
wow,1
mcdonalds,1
MikeWhite,1
parkerposey,1
jasonbateman,1
jjklein,1
latenightwithsethmeyers,1
sethmeyers,1
desilydic,1
jeffreyepstein,1
proximitymedia,1
ryancoogler,1
terrapotts,1
eiff,1
bbcnews,1
jamesharding,1
mactaggart,1
brieneimand,1
deidreo039connell,1
chrisparnell,1
october,1
sophiewilde,1
brokenlizard,1
NatFaxon,1
ace,1
bug,1
tracyletts,1
erikavazquez,1
fixation,1
newregency,1
sienabutterfield,1
catherinekeener,1
corrections,1
nicholascirillo,1
joshuabporter,1
ivegotyou,1
monstersthelyleanderikmenendezstory,1
nathanhochman,1
gretavansusteren,1
bet,1
KymWhitley,1
varnellhill,1
NeveCampbell,1
WesCraven,1
AENetworks,1
layoffs,1
lifetime,1
josephofegypt,1
omidabtahi,1
dawson039screek,1
katieholmes,1
defamation,1
smartmatic,1
damianrodriguez,1
MattWolf,1
paulreubens,1
davidromero,1
suchirbatra,1
tamerahsan,1
zerogravitymanagement,1
aarondominguez,1
loveofyourlife,1
margaretqualley,1
ahmirquestlovethompson,1
diamondmovingpictures,1
rafalzawierucha,1
rodehard,1
dexterprocterthe10yearolddoctor,1
peterserafinowicz,1
lilycollins,1
alexisbledel,1
jenniferbeals,1
joywillprevail,1
archie,1
emmawatts,1
lordmiller,1
riverdale,1
tomking,1
cinelinksindustrydays,1
filmsboutique,1
RoyWoodJr,1
whitehouse,1
andrewhaigh,1
keithharing,1
workingtitle,1
georgekay,1
benfrow,1
channel5,1
bydesign,1
blackrabbit,1
MauricioOchmann,1
billdiamond,1
jimmyjam,1
nicolewallace,1
josephpatel,1
slylivesakatheburdenofblackgenius,1
allthingsconsidered,1
jamiebell,1
michelestephenson,1
truenorth,1
friendship,1
VernonDavis,1
linearTv,1
allieandandi,1
amaliawilliamson,1
TomCavanagh,1
you039rekillingme,1
tca,1
damianlewis,1
orwell225,1
raoulpeck,1
vanessaredgrave,1
jeremyrenner,1
rupaulsdragraceallstars,1
parispups,1
culpamia,1
culpanuestra,1
culpatuya,1
gabrielguevara,1
lylemenendez,1
georgegascon,1
gavinnesom,1
theshitheads,1
jackobrien,1
MattCook,1
ChadMichaelMurray,1
ctv,1
romaroth,1
thecw,1
masterpiecepbs,1
letitiajames,1
katherineblanford,1
thelasttemptationofchrist,1
americaferrera,1
andysamberg,1
animation,1
flea,1
markruffalo,1
ugobienvenu,1
anadearmas,1
danielbruhl,1
eden,1
spawnofthelivingdead,1
BobMortimer,1
lastonelaughing,1
lastonelaughinguk,1
peterjackson,1
thebeatlesanthology,1
ellastiller,1
kiernanshipka,1
raymendoza,1
nouvellevague,1
robtokarz,1
anyataylorjoy,1
hellosunshine,1
jonathantropper,1
lucky,1
marysteenburgen,1
teddanson,1
TheAmazingRace,1
craigmazin,1
NeilDruckmann,1
videovanguardaward,1
lilrelhoweryreltalk,1
tubi,1
investigationdiscovery,1
thetechbromurders,1
springsteendelivermefromnowhere,1
alilefkovitz,1
kaplanperroneentertainment,1
thecatinthehat,1
bleeckerstreet,1
victorianpsycho,1
BeckBennett,1
kylemooney,1
breathless,1
jeanlucgodard,1
alexgarland,1
warfare,1
erikmenendez,1
laurapoitras,1
meganmckenna,1
ymu,1
amadeus,1
joebarton,1
paulbettany,1
willsharpe,1
audible,1
judilove,1
nododisturb,1
saffroncoomber,1
sheriseblackman,1
paytv,1
petedistad,1
alysonstoner,1
mentalhealthcoordinators,1
darrencriss,1
maybehappyending,1
jerrybruckheimer,1
keiraknightley,1
caughtinprovidence,1
debmarmercury,1
judgefrankcaprio,1
novid,1
kumailnanjiani,1
siliconvalley,1
joebaggs,1
munyachawawa,1
matthewmacfadyen,1
thedark,1
michaelshannon,1
mattbeth,1
cheapabeachhouses,1
LoveItOrListIt,1
theflipoff,1
tropiclikeitshot,1
kristiannairn,1
thewickedofoz,1
kevinlygo,1
bfi,1
lff,1
thecelebritytraitors,1
beautyinblack,1
tylerperry,1
boatrockerstudios,1
industrialbrothers,1
katephillips,1
marcmaron,1
wtfwithmarcmaron,1
Z2Comics,1
chrisbryant,1
edinburghtelevisionfestival,1
gangsoflondon,1
benstephenson,1
lauradonnelly,1
MPTF,1
cathymoriarty,1
neilyoung,1
Evrard,1
drugsdealer,1
schuld,1
sylwia,1
masters,1
loganpaul,1
besteweekend,1
nieuwlogo,1
70jaar,1
reboot,1
dejong,1
geblesseerde,1
keepster,1
inbraak,1
russische,1
sloten,1
woningblok,1
Deurne,1
mascha,1
mooi,1
recordoppervlakte,1
applehit,1
gips,1
achillespees,1
romero,1
tottenham,1
aanhouding,1
verdrinkingsgevaar,1
kinderzwemvesten,1
tkmaxx,1
honeymoon,1
humbertotan,1
quest,1
francisvanbroekhuizen,1
operaversie,1
koljajapin,1
ryangravenberch,1
kleinewondertje,1
vinylplaten,1
uitverkocht,1
vleesvervangers,1
tezout,1
grens,1
keesflodder,1
tatjanasimic,1
crimeaisukraine,1
week,1
weertype,1
hulpverleners,1
gedood,1
veiligheidsincidenten,1
opvanglocatie,1
Oekrainers,1
zelenskypoetin,1
Swiatek,1
sabrinacarpenter,1
weekend,1
mattdamon,1
ribs,1
meerveld,1
artrooijakkers,1
nieuwsvandedag,1
thomasvangroningen,1
dwangsommen,1
vervuilende,1
date,1
nelly,1
zorgen,1
advocaten,1
verbod,1
kamerlid,1
brandde,1
sleutelbeen,1
valvanpaard,1
eo,1
ronnierondell,1
brandendeman,1
pinkfloyd,1
johnvandenheuvel,1
crystalmeth,1
videolanddocu,1
toppers,1
solocarriere,1
onderhandelen,1
hackersbende,1
willemii,1
heerenveen,1
minimumloon,1
acm,1
rekeningrijden,1
misbruikt,1
vol,1
donetsk,1
diarra,1
kbvb,1
latinicon,1
vma,1
swatch,1
horlogemaker,1
spleetoog,1
neusspray,1
griep,1
bestellen,1
eurosport,1
gandalf,1
frodo,1
zoon,1
Noorse,1
verkrachtingen,1
lijsttrekker,1
partijgenoten,1
documentaire,1
koopgeen,1
bh,1
aanvallen,1
terugroepactie,1
mattcampanella,1
militaireopties,1
optredens,1
eveline,1
aanklacht,1
stuntvrouw,1
nieuwenamen,1
proper,1
vredeoekraine,1
obstakels,1
hond,1
tumor,1
statushouders,1
verpleegkundige,1
veiligheidsgaranties,1
kaas,1
noorsekroonprins,1
Haakon,1
aanklachten,1
terapel,1
aanmeldcentrum,1
dwangsom,1
partijvoordedieren,1
glazenwanden,1
slachthuizen,1
visma,1
terugkeer,1
michelinchef,1
annuleert,1
kleedkamerruzie,1
rabiot,1
marseille,1
musical,1
elisabeth,1
kaartenverkocht,1
lookup,1
reunietour,1
overweldigd,1
misdaadcijfers,1
tenniskoppel,1
voetballers,1
salah,1
speler,1
kijkers,1
genieten,1
VanDerPoel,1
wkmountainbiken,1
dietim,1
gevecht,1
Matten,1
smokkelt,1
coke,1
jillgoede,1
kraamweek,1
gerdineblom,1
onthulling,1
negendebaby,1
watermenu,1
luxeflesje,1
shell,1
kleding,1
voorzitter,1
mvvmaastricht,1
kamerverkiezingen,1
partijen,1
namen,1
beveiliger,1
oscarwinnaar,1
brutalist,1
skyshowtime,1
Afghaanse,1
ambassadebewakers,1
onzeker,1
SnelWeg,1
maximumsnelheid,1
euland,1
spaghetti,1
wortelsalade,1
paprika,1
datahack,1
alissa,1
vriendin,1
kimmy,1
loveisland,1
nieuwevlam,1
listeriabesmetting,1
hoes,1
tweedehands,1
rheinmetall,1
winkels,1
aandelen,1
manaangehouden,1
dodelijkincident,1
prinseselisabeth,1
havard,1
efteling,1
villavolta,1
mat,1
openrelatie,1
temptationisland,1
derdezwangerschap,1
lavrov,1
euleiders,1
beleidtrump,1
TomGrennan,1
therapie,1
lichaamsbeeld,1
propper,1
carapaz,1
wielrenner,1
gijsrademaker,1
tvwerk,1
weeraandeslag,1
PerrieEdwards,1
bestand,1
pim,1
guinnessbrouwerij,1
kandidaat,1
ruzie,1
vfbstuttgart,1
boswachter,1
uitzege,1
heraclesalmelo,1
reijnders,1
robjetten,1
liefdestrip,1
echtsamen,1
heelweinig,1
zwartzwaan,1
belgischeboer,1
nederlandsegrens,1
tarantino,1
televisiecomeback,1
tiende,1
vaatdoekje,1
vervangen,1
advies,1
tinekeschouten,1
begraafplaats,1
nietweg,1
ivankraan,1
gevaarlijkebacterie,1
terugblikken,1
nederlandsehockeyers,1
shootouts,1
bayernmunchen,1
scheiding,1
DrakeBell,1
FCGroningen,1
kritisch,1
barcelona,1
boerenrock,1
confettikanon,1
kans,1
gezonde,1
wildejaren,1
sekslooshuwelijk,1
liefdesleven,1
dierenasiels,1
zwartekatten,1
mindergeliefd,1
protestmars,1
afschieten,1
bewolking,1
frisse,1
zondag,1
rellen,1
servie,1
vucic,1
finale,1
planning,1
royelotis,1
pukkelpop,1
willumsson,1
trainerkuijt,1
competitieduel,1
fcdordrecht,1
wedstrijd,1
semenyo,1
tieners,1
verkeersdrama,1
duitsland,1
gasopslagen,1
jaren,1
slechtgevuld,1
zigart,1
romandie,1
charliefischer,1
meerdijk,1
top,1
dodental,1
experts,1
cesarzuiderwijk,1
goldenearring,1
gezondheid,1
bezzecchi,1
marquez,1
pole,1
Winnaar,1
jachtseizoen,1
emmaheesters,1
alszichzelf,1
eindelijk,1
bournemouth,1
astonvilla,1
bol,1
oostenrijk,1
400Meter,1
lovedeathrobots,1
animatie,1
seksueelgeweld,1
JessieJ,1
dwangstoornis,1
atlete,1
marthoogkamer,1
vakantie,1
dertigkoffers,1
passagiersvliegtuig,1
orkaan,1
monument,1
dam,1
thijs,1
suzan,1
zwangerschap,1
helft,1
thijsboermans,1
throwback,1
kasteelheeralbert,1
republikeinen,1
nederlandsrecord,1
motorcoureur,1
marcmarquez,1
trainerflick,1
dochterlily,1
100dagen,1
joecaroff,1
betaalbare,1
dagjesuit,1
dodeman,1
eindhovenairport,1
vredesvoorstel,1
negatieve,1
reacties,1
cristianoronaldo,1
verrast,1
museum,1
bevalling,1
ollymurs,1
herstel,1
vandezandschulp,1
tweederonde,1
winstonsalem,1
deltavlieger,1
fransealpen,1
whitelotus,1
nederlandsetennissers,1
kwalificaties,1
hackersgroep,1
nova,1
gestolendata,1
nac,1
logo,1
shows,1
holtby,1
leoniemeijer,1
terrorjaap,1
elmo,1
finsepresident,1
stubb,1
trumpoverleg,1
hulp,1
debbieenpaul,1
kritiek,1
duitsebekerduels,1
wandelfilm,1
belgischebioscopen,1
israelischeeconomie,1
forsetik,1
oorlogmetiran,1
brandweerman,1
spaansebosbranden,1
splinter,1
chabot,1
binnenhof,1
spicy,1
sloppyjoes,1
PeachCobbler,1
rusland,1
spits,1
haller,1
fortuna,1
Yasmine,1
kellypiquet,1
eerstedivisie,1
balans,1
verkrachtingszaak,1
longfibrose,1
noorsekoningshuis,1
nesimelahmadi,1
sterilisatie,1
simonkeizer,1
nederlandsedefensie,1
jadethirlwall,1
jesynelson,1
julie,1
reinders,1
babyshower,1
zonnebloemolie,1
gevaarlijkstevoedsel,1
tiktokkers,1
onbreekbareband,1
itakura,1
europeseleiders,1
bowilkes,1
grootstevriend,1
fittemessi,1
InterMiami,1
roxeannehazes,1
HermanvanVeen,1
heitinga,1
ruimezege,1
exonthebeach,1
almerecity,1
geweldadigeex,1
rectificatie,1
rtlboulevard,1
schipper,1
oceanrace,1
onderdeel,1
ernstig,1
zedendelict,1
beste,1
hockeyvrouwen,1
vijfdekeer,1
europeeskampioen,1
bibliotheek,1
boek,1
oma,1
trainerbosz,1
partijbestuur,1
conflict,1
jenniferewbank,1
paniekaanvallen,1
gevolgen,1
jokebruijs,1
goudenduo,1
terreurverdachte,1
rechtsnationalistisch,1
don,1
juridischestrijd,1
filmfestival,1
punakoiso,1
ilmastonmuutos,1
norja,1
kuninkaalliset,1
camillalackberg,1
NinaLykke,1
kirpputori,1
temu,1
turvatakuut,1
yksityislaakarit,1
neilhardwick,1
lucindariley,1
maisema,1
poisonberry,1
eetbuien,1
alkuperaiskansat,1
luonto,1
luonnonsuojelu,1
kirjasto,1
migri,1
maxseeck,1
porot,1
helle,1
ruotsi,1
Tukholma,1
yliopistot,1
espoo,1
italia,1
jaatikot,1
tyottomyys,1
burkakielto,1
palestiina,1
rosebudsivullinen,1
heratysliikkeet,1
naiset,1
roska,1
rantaroska,1
posti,1
tullit,1
joensuu,1
muovi,1
kiertotalous,1
kesalomat,1
mielenterveys,1
populismi,1
kesaloma,1
kaarme,1
terraario,1
tommitchell,1
sofiatawast,1
riikkaleinonen,1
Zelenskyi,1
kulttuuri,1
perussuomalaiset,1
persut,1
uskonto,1
raakku,1
Luontokato,1
huijaus,1
droomjurk,1
dansprogrammering,1
geadopteerd,1
pannen,1
vaatwasser,1
zithet,1
opgenomen,1
ludiekewijze,1
griekspoor,1
mannarino,1
serenawilliams,1
afslankmedicijn,1
afvallen,1
fietste,1
nachts,1
vraag,1
engelse,1
toeganggaza,1
buitenlandsemedia,1
27landen,1
Miljard,1
hendrikjan,1
bokkers,1
muziekserie,1
vaderschap,1
andrehazes,1
schrapt,1
afgevallen,1
anteeksipekka,1
renefroger,1
haiku,1
tijd,1
pasen,1
dataviz,1
git,1
mastoaprendeespanhol,1
Ranma12,1
ranma,1
rstudio,1
rstats,1
ufes,1
CorruptGovernment,1
nodistractions,1
putins,1
bigbrother,1
trumpcapitulates,1
feloninchief,1
kathleenaerts,1
k3concerten,1
militaire,1
muziek,1
moniek,1
haremvorming,1
tweedekamer,1
verhitdebat,1
wicked,1
Santigold,1
thehungergames,1
pbs,1
carlosfuentes,1
pedroparamo,1
cillianmurphy,1
sarajevo,1
matthewlibatique,1
lizkingsman,1
Banijay,1
AhanShetty,1
anuragsingh,1
border2,1
DiljitDosanjh,1
jpfilms,1
medharana,1
MonaSingh,1
SonamBajwa,1
SunnyDeol,1
tseries,1
VarunDhawan,1
homealone2lostinnewyork,1
recaps,1
barryavrich,1
theroadbetweenustheultimaterescue,1
d23,1
destinationd23,1
waltdisneyworld,1
aura,1
paulakerger,1
islajohnston,1
gungnirentertainment,1
JordanKlepper,1
horsdutemps,1
myundesirablefriendspart1thelastairinmoscow,1
specialtypreview,1
suspendedtime,1
thetexaschainsawmassacre,1
UkraineWar,1
lioness,1
themadison,1
treme,1
911nashville,1
timmatheson,1
timfederle,1
patricialwhite,1
curiosity,1
harrykingtv,1
norsekeystudios,1
annabeljones,1
blackmirror,1
charliebrooker,1
inkypen,1
twistedcomics,1
johnmercurio,1
mpa,1
gungnir,1
bazluhrmann,1
jehanned039arc,1
smartglasses,1
romance,1
florenceandthemachine,1
thebeaches,1
metoffice,1
iplayer,1
science,1
rever,1
digitalArt,1
thebigbangtheory,1
agenticai,1
grammarly,1
scifi,1
beaandherbusiness,1
daisylafontaine,1
newmusic,1
mundaneposts,1
visionloss,1
bluemoon,1
dolbyatmos,1
inflation,1
TheMapOfTinyPerfectThings,1
cunk,1
legallyblonde,1
emilyjames,1
ireland,1
theweekend,1
drama,1
missionwashing,1
joanofarc,1
thecardigans,1
deneebenton,1
interview,1
davidellision,1
marctoberoff,1
topgun,1
topgun3,1
topgunmaverick,1
masongooding,1
theconjuringlastrites,1
kyrka,1
wikidata,1
svt,1
chatcontrol,1
enshitification,1
chemistry,1
openscience,1
opensource,1
maps,1
postgis,1
esri,1
leaflet,1
geoserver,1
deamatrona,1
focusfriend,1
catridgeway,1
hanneke,1
dromen,1
oeuvreprijs,1
barbarasloesen,1
levskisofia,1
liamogohannaidh,1
lichamen,1
dagboekteksten,1
marcoborsato,1
lalegul,1
exclusief,1
rtltonight,1
danny,1
verloor,1
obese,1
veerman,1
joosthofman,1
tourgids,1
eerstekindje,1
gegevens,1
gelekt,1
gletsjer,1
dannyfroger,1
detoppers,1
deelname,1
dierenartsenpraktijk,1
luchtballonongeluk,1
mainstreet,1
carriere,1
vandaaginside,1
mijnans,1
eliya,1
gijzelaar,1
verdwijning,1
christelijk,1
netwerk,1
operatie,1
gazastad,1
woods,1
commissie,1
toekomst,1
beelden,1
18eseizoen,1
dragrace,1
vijfdeseizoen,1
halfdecember,1
vaneerd,1
hogerberoep,1
celstraf,1
valseherfst,1
bossen,1
overlevingsstand,1
nadeenayoub,1
missuniverse,1
palestijn,1
akkoord,1
bayern,1
patriots,1
militairen,1
idioot,1
Stelen,1
ondersteuning,1
plasbloed,1
jeroenphaff,1
4045musical,1
dementerendemoeder,1
bekendenederlanders,1
prijzenjacht,1
eersteweek,1
leukeuitjes,1
betaalbareuitjes,1
overijsselgelderland,1
ns,1
vakbonden,1
caoakkoord,1
zonnig,1
warm,1
koelt,1
zitten,1
europeanen,1
echtejongens,1
mannen,1
safari,1
onderzoek,1
afschuwelijke,1
hypotheker,1
kansen,1
singles,1
christates,1
bijnadood,1
rechtbank,1
TamarBraxton,1
Ingeborg,1
anna,1
amsterdam,1
politieachtervolging,1
geoorloofd,1
grensmuur,1
gezinsvakantie,1
dochternala,1
michaels,1
sticky,1
aubergine,1
rijst,1
kisscam,1
recordaantal,1
voetbalwedstrijden,1
batman,1
woninghuur,1
marktplaats,1
vechtsporter,1
deridder,1
hernandez,1
lilostitch,1
ademhalingsproblemen,1
wenen,1
gaststad,1
neuspiercing,1
horrorfilm,1
vermist,1
nordstream,1
blindevrouw,1
Canadese,1
tandoog,1
pedelec,1
liefdesverhaal,1
dalfsen,1
biologischeouders,1
belgisch,1
pakketjes,1
postnl,1
menendezbroers,1
35jaar,1
berouw,1
nieuwemaatregelen,1
motievanwantrouwen,1
zonnepanelen,1
schiphol,1
Reflectie,1
zuidamerikaans,1
voetbalduel,1
supportersgeweld,1
robbiewilliams,1
telefoonverbod,1
rtl,1
tvprogramma,1
slachtoffers,1
aanslag,1
geeninteresse,1
bedreiginglalegul,1
colosseum,1
rondleiding,1
paniek,1
familiejelies,1
ayuso,1
frimpong,1
hamstring,1
tweejongens,1
transzussen,1
omgebrachte,1
dnamatch,1
vijftien,1
vs,1
handelsdeal,1
nabestaanden,1
hartengebroken,1
miljuschka,1
veertig,1
podium,1
maan,1
schokgolf,1
Kounde,1
fcbarcelona,1
zoeknaarliefde,1
derdeman,1
adel,1
rolvanbond,1
fractievoorzitter,1
olietanker,1
rageagainstthemachine,1
voortbestaan,1
haarlem,1
pirates6,1
originelecast,1
hordeloopster,1
jeanpaul,1
renate,1
ernstiggeweld,1
mannsverk,1
spartapraag,1
koning,1
willemalexande,1
sail,1
denemarken,1
leescrisis,1
btwafschaffen,1
daleyblind,1
revalidatie,1
gezin,1
bomen,1
parkeren,1
rijbewijskeuring,1
add,1
stephan,1
problemen,1
lekkende,1
zandschulp,1
milehighclub,1
kwartfinales,1
tennistoernooi,1
aanval,1
vrede,1
dubbelspecialisten,1
errani,1
Vavassori,1
muppets,1
debuut,1
minister,1
slaapzakken,1
vluchtelingen,1
opruimen,1
challenge,1
voordelen,1
koelerelucht,1
lagetemperaturen,1
nicolettesbaan,1
stewardess,1
ultiemevrijheid,1
rotsblok,1
montblanc,1
jongstel,1
joejonas,1
highfive,1
workers,1
